{
    "accuracy": 0.7494677075940384,
    "roc_auc": 0.8316037613991578,
    "classification_report": {
        "0": {
            "precision": 0.5183887915936952,
            "recall": 0.7914438502673797,
            "f1-score": 0.6264550264550265,
            "support": 374.0
        },
        "1": {
            "precision": 0.9069212410501193,
            "recall": 0.7342995169082126,
            "f1-score": 0.8115323011211959,
            "support": 1035.0
        },
        "accuracy": 0.7494677075940384,
        "macro avg": {
            "precision": 0.7126550163219072,
            "recall": 0.7628716835877962,
            "f1-score": 0.7189936637881111,
            "support": 1409.0
        },
        "weighted avg": {
            "precision": 0.8037905553888683,
            "recall": 0.7494677075940384,
            "f1-score": 0.7624060408478479,
            "support": 1409.0
        }
    }
}