{
    "accuracy": 0.7615330021291696,
    "roc_auc": 0.7753209847839003,
    "classification_report": {
        "0": {
            "precision": 0.553072625698324,
            "recall": 0.5294117647058824,
            "f1-score": 0.5409836065573771,
            "support": 374.0
        },
        "1": {
            "precision": 0.8325404376784015,
            "recall": 0.8454106280193237,
            "f1-score": 0.8389261744966443,
            "support": 1035.0
        },
        "accuracy": 0.7615330021291696,
        "macro avg": {
            "precision": 0.6928065316883627,
            "recall": 0.6874111963626031,
            "f1-score": 0.6899548905270108,
            "support": 1409.0
        },
        "weighted avg": {
            "precision": 0.7583594854565782,
            "recall": 0.7615330021291696,
            "f1-score": 0.7598413480883506,
            "support": 1409.0
        }
    }
}