{
    "accuracy": 0.7863733144073811,
    "roc_auc": 0.8162171588002791,
    "classification_report": {
        "0": {
            "precision": 0.6289752650176679,
            "recall": 0.47593582887700536,
            "f1-score": 0.5418569254185692,
            "support": 374.0
        },
        "1": {
            "precision": 0.8259325044404974,
            "recall": 0.8985507246376812,
            "f1-score": 0.8607126330402591,
            "support": 1035.0
        },
        "accuracy": 0.7863733144073811,
        "macro avg": {
            "precision": 0.7274538847290826,
            "recall": 0.6872432767573433,
            "f1-score": 0.7012847792294141,
            "support": 1409.0
        },
        "weighted avg": {
            "precision": 0.7736528681423155,
            "recall": 0.7863733144073811,
            "f1-score": 0.7760766964536644,
            "support": 1409.0
        }
    }
}