{
    "accuracy": 0.7970191625266146,
    "roc_auc": 0.7816438037665658,
    "classification_report": {
        "0": {
            "precision": 0.6732283464566929,
            "recall": 0.4572192513368984,
            "f1-score": 0.5445859872611465,
            "support": 374.0
        },
        "1": {
            "precision": 0.8242424242424242,
            "recall": 0.9198067632850242,
            "f1-score": 0.869406392694064,
            "support": 1035.0
        },
        "accuracy": 0.7970191625266146,
        "macro avg": {
            "precision": 0.7487353853495586,
            "recall": 0.6885130073109613,
            "f1-score": 0.7069961899776052,
            "support": 1409.0
        },
        "weighted avg": {
            "precision": 0.7841577790388305,
            "recall": 0.7970191625266146,
            "f1-score": 0.7831872077175478,
            "support": 1409.0
        }
    }
}