{
    "accuracy": 0.7757274662881476,
    "roc_auc": 0.8101940117285386,
    "classification_report": {
        "0": {
            "precision": 0.5953947368421053,
            "recall": 0.4839572192513369,
            "f1-score": 0.5339233038348082,
            "support": 374.0
        },
        "1": {
            "precision": 0.8253393665158371,
            "recall": 0.881159420289855,
            "f1-score": 0.8523364485981308,
            "support": 1035.0
        },
        "accuracy": 0.7757274662881476,
        "macro avg": {
            "precision": 0.7103670516789712,
            "recall": 0.682558319770596,
            "f1-score": 0.6931298762164695,
            "support": 1409.0
        },
        "weighted avg": {
            "precision": 0.7643036734725612,
            "recall": 0.7757274662881476,
            "f1-score": 0.7678179843387393,
            "support": 1409.0
        }
    }
}